{
  "$schema": "http://json-schema.org/draft-07/schema#",
  "title": "Study Buddy MatchResponse",
  "type": "object",
  "properties": {
    "matched_student_id": {
      "type": ["string", "null"],
      "description": "The student_id of the best-matched student, or null if no match found"
    },
    "match_score": {
      "type": "number",
      "minimum": 0,
      "maximum": 1,
      "description": "Normalized match score between 0 and 1"
    },
    "reasoning": {
      "type": "object",
      "properties": {
        "goal_similarity": {
          "type": "number",
          "minimum": 0,
          "maximum": 1,
          "description": "Similarity score between input and matched student's goal"
        },
        "study_time_match": {
          "type": "boolean",
          "description": "Whether preferred study time matches"
        },
        "study_type_match": {
          "type": "boolean",
          "description": "Whether study type matches"
        },
        "personality_overlap": {
          "type": "array",
          "items": { "type": "string" },
          "description": "List of overlapping personality traits"
        }
      },
      "required": [
        "goal_similarity",
        "study_time_match",
        "study_type_match",
        "personality_overlap"
      ],
      "additionalProperties": false
    }
  },
  "required": [
    "matched_student_id",
    "match_score",
    "reasoning"
  ],
  "additionalProperties": false
}
