[
  {
    "student_id": "stu_1001",
    "goal": "Top IIT for MTech",
    "preferred_study_time": "early_morning",
    "study_type": "group_study",
    "personality": [
      "leader",
      "analytical",
      "goal_oriented"
    ],
    "year": "second_year",
    "branch": "Computer Science",
    "location": "Jaipur",
    "languages_known": [
      "Kannada",
      "Marathi"
    ]
  },
  {
    "student_id": "stu_1002",
    "goal": "Secure campus placement",
    "preferred_study_time": "after_lunch",
    "study_type": "kinesthetic",
    "personality": [
      "goal_oriented",
      "analytical",
      "leader"
    ],
    "year": "first_year",
    "branch": "Mechanical",
    "location": "Bangalore",
    "languages_known": [
      "Marathi",
      "Bengali"
    ]
  },
  {
    "student_id": "stu_1003",
    "goal": "Contribute to open source",
    "preferred_study_time": "afternoon",
    "study_type": "project_based",
    "personality": [
      "extrovert",
      "empathetic",
      "competitive"
    ],
    "year": "final_year",
    "branch": "Civil",
    "location": "Ahmedabad",
    "languages_known": [
      "Gujarati"
    ]
  },
  {
    "student_id": "stu_1004",
    "goal": "Contribute to open source",
    "preferred_study_time": "early_morning",
    "study_type": "visual",
    "personality": [
      "competitive",
      "supportive",
      "persistent",
      "creative"
    ],
    "year": "second_year",
    "branch": "Mathematics",
    "location": "Pune",
    "languages_known": [
      "Telugu",
      "Bengali",
      "Gujarati"
    ]
  },
  {
    "student_id": "stu_1005",
    "goal": "Clear UPSC prelims",
    "preferred_study_time": "flexible",
    "study_type": "kinesthetic",
    "personality": [
      "analytical",
      "detail_oriented",
      "persistent",
      "curious"
    ],
    "year": "second_year",
    "branch": "Electronics",
    "location": "Bangalore",
    "languages_known": [
      "English",
      "Kannada"
    ]
  },
  {
    "student_id": "stu_1006",
    "goal": "Master data structures and algorithms",
    "preferred_study_time": "early_morning",
    "study_type": "discussion_based",
    "personality": [
      "leader",
      "detail_oriented"
    ],
    "year": "second_year",
    "branch": "Mechanical",
    "location": "Kolkata",
    "languages_known": [
      "Gujarati",
      "Telugu",
      "English"
    ]
  },
  {
    "student_id": "stu_1007",
    "goal": "Win inter-college quiz",
    "preferred_study_time": "early_morning",
    "study_type": "discussion_based",
    "personality": [
      "competitive",
      "analytical"
    ],
    "year": "first_year",
    "branch": "Computer Science",
    "location": "Kolkata",
    "languages_known": [
      "Kannada",
      "Marathi"
    ]
  },
  {
    "student_id": "stu_1008",
    "goal": "Get into IIM Ahmedabad",
    "preferred_study_time": "after_lunch",
    "study_type": "discussion_based",
    "personality": [
      "detail_oriented",
      "curious"
    ],
    "year": "graduate",
    "branch": "Computer Science",
    "location": "Lucknow",
    "languages_known": [
      "Telugu",
      "Marathi",
      "Hindi"
    ]
  },
  {
    "student_id": "stu_1009",
    "goal": "Top IIT for MTech",
    "preferred_study_time": "flexible",
    "study_type": "project_based",
    "personality": [
      "leader",
      "goal_oriented"
    ],
    "year": "second_year",
    "branch": "Electronics",
    "location": "Kolkata",
    "languages_known": [
      "Tamil"
    ]
  },
  {
    "student_id": "stu_1010",
    "goal": "Lead a student club",
    "preferred_study_time": "late_night",
    "study_type": "project_based",
    "personality": [
      "collaborative",
      "organized"
    ],
    "year": "first_year",
    "branch": "Biotech",
    "location": "Delhi",
    "languages_known": [
      "Hindi",
      "Gujarati"
    ]
  },
  {
    "student_id": "stu_1011",
    "goal": "Crack GATE 2025",
    "preferred_study_time": "late_night",
    "study_type": "reading",
    "personality": [
      "organized",
      "collaborative"
    ],
    "year": "first_year",
    "branch": "Mathematics",
    "location": "Chennai",
    "languages_known": [
      "Hindi",
      "Kannada",
      "Telugu"
    ]
  },
  {
    "student_id": "stu_1012",
    "goal": "Build a tech startup",
    "preferred_study_time": "before_bed",
    "study_type": "reading",
    "personality": [
      "goal_oriented",
      "supportive"
    ],
    "year": "third_year",
    "branch": "Electronics",
    "location": "Kolkata",
    "languages_known": [
      "English",
      "Gujarati"
    ]
  },
  {
    "student_id": "stu_1013",
    "goal": "Intern at a top MNC",
    "preferred_study_time": "before_bed",
    "study_type": "auditory",
    "personality": [
      "curious",
      "persistent"
    ],
    "year": "second_year",
    "branch": "Electronics",
    "location": "Bangalore",
    "languages_known": [
      "Kannada",
      "Marathi",
      "English"
    ]
  },
  {
    "student_id": "stu_1014",
    "goal": "Complete a MOOC specialization",
    "preferred_study_time": "late_night",
    "study_type": "project_based",
    "personality": [
      "organized",
      "collaborative",
      "introvert",
      "extrovert"
    ],
    "year": "third_year",
    "branch": "Biotech",
    "location": "Pune",
    "languages_known": [
      "English"
    ]
  },
  {
    "student_id": "stu_1015",
    "goal": "Crack GATE 2025",
    "preferred_study_time": "flexible",
    "study_type": "auditory",
    "personality": [
      "goal_oriented",
      "organized",
      "extrovert"
    ],
    "year": "third_year",
    "branch": "Civil",
    "location": "Mumbai",
    "languages_known": [
      "Hindi",
      "Tamil"
    ]
  },
  {
    "student_id": "stu_1016",
    "goal": "Get into IIM Ahmedabad",
    "preferred_study_time": "before_bed",
    "study_type": "project_based",
    "personality": [
      "adaptive",
      "creative",
      "analytical",
      "supportive"
    ],
    "year": "final_year",
    "branch": "Mechanical",
    "location": "Pune",
    "languages_known": [
      "Telugu"
    ]
  },
  {
    "student_id": "stu_1017",
    "goal": "Build a tech startup",
    "preferred_study_time": "before_bed",
    "study_type": "discussion_based",
    "personality": [
      "creative",
      "persistent",
      "organized"
    ],
    "year": "graduate",
    "branch": "Biotech",
    "location": "Pune",
    "languages_known": [
      "Tamil",
      "Gujarati",
      "Marathi"
    ]
  },
  {
    "student_id": "stu_1018",
    "goal": "Complete a MOOC specialization",
    "preferred_study_time": "flexible",
    "study_type": "discussion_based",
    "personality": [
      "adaptive",
      "curious",
      "introvert"
    ],
    "year": "graduate",
    "branch": "Mechanical",
    "location": "Delhi",
    "languages_known": [
      "English",
      "Telugu",
      "Marathi"
    ]
  },
  {
    "student_id": "stu_1019",
    "goal": "Publish research paper",
    "preferred_study_time": "after_lunch",
    "study_type": "reading",
    "personality": [
      "collaborative",
      "competitive",
      "extrovert",
      "analytical"
    ],
    "year": "first_year",
    "branch": "Mathematics",
    "location": "Chennai",
    "languages_known": [
      "Hindi",
      "Marathi"
    ]
  },
  {
    "student_id": "stu_1020",
    "goal": "Clear UPSC prelims",
    "preferred_study_time": "after_lunch",
    "study_type": "visual",
    "personality": [
      "curious",
      "extrovert",
      "adaptive",
      "goal_oriented"
    ],
    "year": "first_year",
    "branch": "Biotech",
    "location": "Pune",
    "languages_known": [
      "Kannada",
      "Hindi"
    ]
  },
  {
    "student_id": "stu_1021",
    "goal": "Win coding hackathon",
    "preferred_study_time": "early_morning",
    "study_type": "self_paced",
    "personality": [
      "adaptive",
      "goal_oriented"
    ],
    "year": "third_year",
    "branch": "Electronics",
    "location": "Lucknow",
    "languages_known": [
      "Hindi",
      "Tamil",
      "Marathi"
    ]
  },
  {
    "student_id": "stu_1022",
    "goal": "Get into IIM Ahmedabad",
    "preferred_study_time": "after_lunch",
    "study_type": "visual",
    "personality": [
      "introvert",
      "goal_oriented"
    ],
    "year": "graduate",
    "branch": "Physics",
    "location": "Bangalore",
    "languages_known": [
      "English",
      "Hindi",
      "Kannada"
    ]
  },
  {
    "student_id": "stu_1023",
    "goal": "Secure campus placement",
    "preferred_study_time": "early_morning",
    "study_type": "auditory",
    "personality": [
      "detail_oriented",
      "organized",
      "empathetic",
      "collaborative"
    ],
    "year": "first_year",
    "branch": "Mathematics",
    "location": "Ahmedabad",
    "languages_known": [
      "Tamil"
    ]
  },
  {
    "student_id": "stu_1024",
    "goal": "Contribute to open source",
    "preferred_study_time": "flexible",
    "study_type": "self_paced",
    "personality": [
      "organized",
      "leader",
      "extrovert",
      "detail_oriented"
    ],
    "year": "third_year",
    "branch": "Mathematics",
    "location": "Pune",
    "languages_known": [
      "Tamil",
      "Marathi",
      "Bengali"
    ]
  },
  {
    "student_id": "stu_1025",
    "goal": "Score 99 percentile in CAT",
    "preferred_study_time": "early_morning",
    "study_type": "reading",
    "personality": [
      "persistent",
      "analytical"
    ],
    "year": "final_year",
    "branch": "Mathematics",
    "location": "Lucknow",
    "languages_known": [
      "Hindi"
    ]
  },
  {
    "student_id": "stu_1026",
    "goal": "Top IIT for MTech",
    "preferred_study_time": "early_morning",
    "study_type": "reading",
    "personality": [
      "supportive",
      "persistent",
      "introvert",
      "empathetic"
    ],
    "year": "third_year",
    "branch": "Biotech",
    "location": "Ahmedabad",
    "languages_known": [
      "Gujarati"
    ]
  },
  {
    "student_id": "stu_1027",
    "goal": "Get into IIM Ahmedabad",
    "preferred_study_time": "after_lunch",
    "study_type": "auditory",
    "personality": [
      "supportive",
      "extrovert"
    ],
    "year": "graduate",
    "branch": "Physics",
    "location": "Mumbai",
    "languages_known": [
      "English",
      "Hindi"
    ]
  },
  {
    "student_id": "stu_1028",
    "goal": "Lead a student club",
    "preferred_study_time": "before_bed",
    "study_type": "discussion_based",
    "personality": [
      "organized",
      "goal_oriented",
      "empathetic",
      "detail_oriented"
    ],
    "year": "graduate",
    "branch": "Physics",
    "location": "Lucknow",
    "languages_known": [
      "Tamil",
      "Telugu"
    ]
  },
  {
    "student_id": "stu_1029",
    "goal": "Get into IIM Ahmedabad",
    "preferred_study_time": "afternoon",
    "study_type": "kinesthetic",
    "personality": [
      "creative",
      "analytical"
    ],
    "year": "first_year",
    "branch": "Electronics",
    "location": "Bangalore",
    "languages_known": [
      "Kannada"
    ]
  },
  {
    "student_id": "stu_1030",
    "goal": "Complete a MOOC specialization",
    "preferred_study_time": "mid_morning",
    "study_type": "visual",
    "personality": [
      "focused",
      "competitive",
      "empathetic"
    ],
    "year": "graduate",
    "branch": "Mathematics",
    "location": "Delhi",
    "languages_known": [
      "Telugu"
    ]
  },
  {
    "student_id": "stu_1031",
    "goal": "Contribute to open source",
    "preferred_study_time": "evening",
    "study_type": "group_study",
    "personality": [
      "empathetic",
      "analytical"
    ],
    "year": "third_year",
    "branch": "Mathematics",
    "location": "Ahmedabad",
    "languages_known": [
      "Marathi",
      "Tamil"
    ]
  },
  {
    "student_id": "stu_1032",
    "goal": "Score above 320 in GRE",
    "preferred_study_time": "after_lunch",
    "study_type": "kinesthetic",
    "personality": [
      "introvert",
      "leader",
      "supportive",
      "goal_oriented"
    ],
    "year": "final_year",
    "branch": "Mechanical",
    "location": "Delhi",
    "languages_known": [
      "English"
    ]
  },
  {
    "student_id": "stu_1033",
    "goal": "Develop a mobile app",
    "preferred_study_time": "weekends_only",
    "study_type": "self_paced",
    "personality": [
      "organized",
      "curious"
    ],
    "year": "final_year",
    "branch": "Civil",
    "location": "Hyderabad",
    "languages_known": [
      "Hindi",
      "Kannada"
    ]
  },
  {
    "student_id": "stu_1034",
    "goal": "Top IIT for MTech",
    "preferred_study_time": "early_morning",
    "study_type": "visual",
    "personality": [
      "detail_oriented",
      "supportive"
    ],
    "year": "first_year",
    "branch": "Electronics",
    "location": "Lucknow",
    "languages_known": [
      "English",
      "Tamil"
    ]
  },
  {
    "student_id": "stu_1035",
    "goal": "Develop a mobile app",
    "preferred_study_time": "early_morning",
    "study_type": "reading",
    "personality": [
      "detail_oriented",
      "curious"
    ],
    "year": "final_year",
    "branch": "Mechanical",
    "location": "Lucknow",
    "languages_known": [
      "Hindi"
    ]
  },
  {
    "student_id": "stu_1036",
    "goal": "Top IIT for MTech",
    "preferred_study_time": "early_morning",
    "study_type": "reading",
    "personality": [
      "organized",
      "focused"
    ],
    "year": "third_year",
    "branch": "Civil",
    "location": "Mumbai",
    "languages_known": [
      "Kannada",
      "Bengali"
    ]
  },
  {
    "student_id": "stu_1037",
    "goal": "Build a tech startup",
    "preferred_study_time": "flexible",
    "study_type": "discussion_based",
    "personality": [
      "creative",
      "organized"
    ],
    "year": "graduate",
    "branch": "Electronics",
    "location": "Chennai",
    "languages_known": [
      "Tamil",
      "English",
      "Telugu"
    ]
  },
  {
    "student_id": "stu_1038",
    "goal": "Win coding hackathon",
    "preferred_study_time": "flexible",
    "study_type": "self_paced",
    "personality": [
      "empathetic",
      "introvert",
      "detail_oriented",
      "adaptive"
    ],
    "year": "third_year",
    "branch": "Physics",
    "location": "Mumbai",
    "languages_known": [
      "Gujarati",
      "English"
    ]
  },
  {
    "student_id": "stu_1039",
    "goal": "Win coding hackathon",
    "preferred_study_time": "evening",
    "study_type": "group_study",
    "personality": [
      "organized",
      "curious",
      "collaborative"
    ],
    "year": "first_year",
    "branch": "Electronics",
    "location": "Lucknow",
    "languages_known": [
      "Tamil",
      "English",
      "Gujarati"
    ]
  },
  {
    "student_id": "stu_1040",
    "goal": "Develop a mobile app",
    "preferred_study_time": "afternoon",
    "study_type": "auditory",
    "personality": [
      "extrovert",
      "introvert",
      "leader"
    ],
    "year": "third_year",
    "branch": "Computer Science",
    "location": "Ahmedabad",
    "languages_known": [
      "Bengali",
      "Marathi",
      "Hindi"
    ]
  },
  {
    "student_id": "stu_1041",
    "goal": "Complete a MOOC specialization",
    "preferred_study_time": "afternoon",
    "study_type": "kinesthetic",
    "personality": [
      "empathetic",
      "introvert",
      "adaptive"
    ],
    "year": "final_year",
    "branch": "Mathematics",
    "location": "Pune",
    "languages_known": [
      "Hindi",
      "Bengali"
    ]
  },
  {
    "student_id": "stu_1042",
    "goal": "Score above 320 in GRE",
    "preferred_study_time": "late_night",
    "study_type": "discussion_based",
    "personality": [
      "empathetic",
      "focused"
    ],
    "year": "graduate",
    "branch": "Electronics",
    "location": "Ahmedabad",
    "languages_known": [
      "Tamil"
    ]
  },
  {
    "student_id": "stu_1043",
    "goal": "Clear UPSC prelims",
    "preferred_study_time": "late_night",
    "study_type": "project_based",
    "personality": [
      "leader",
      "detail_oriented"
    ],
    "year": "second_year",
    "branch": "Electronics",
    "location": "Bangalore",
    "languages_known": [
      "Kannada"
    ]
  },
  {
    "student_id": "stu_1044",
    "goal": "Score above 320 in GRE",
    "preferred_study_time": "afternoon",
    "study_type": "auditory",
    "personality": [
      "leader",
      "supportive"
    ],
    "year": "third_year",
    "branch": "Mathematics",
    "location": "Lucknow",
    "languages_known": [
      "Hindi",
      "Kannada"
    ]
  },
  {
    "student_id": "stu_1045",
    "goal": "Learn advanced machine learning",
    "preferred_study_time": "late_night",
    "study_type": "discussion_based",
    "personality": [
      "detail_oriented",
      "focused",
      "extrovert"
    ],
    "year": "graduate",
    "branch": "Physics",
    "location": "Kolkata",
    "languages_known": [
      "Marathi"
    ]
  },
  {
    "student_id": "stu_1046",
    "goal": "Lead a student club",
    "preferred_study_time": "mid_morning",
    "study_type": "reading",
    "personality": [
      "adaptive",
      "organized"
    ],
    "year": "final_year",
    "branch": "Biotech",
    "location": "Pune",
    "languages_known": [
      "Telugu"
    ]
  },
  {
    "student_id": "stu_1047",
    "goal": "Secure campus placement",
    "preferred_study_time": "weekends_only",
    "study_type": "reading",
    "personality": [
      "adaptive",
      "introvert",
      "persistent",
      "competitive"
    ],
    "year": "first_year",
    "branch": "Biotech",
    "location": "Hyderabad",
    "languages_known": [
      "Hindi"
    ]
  },
  {
    "student_id": "stu_1048",
    "goal": "Qualify for PhD program",
    "preferred_study_time": "early_morning",
    "study_type": "group_study",
    "personality": [
      "creative",
      "analytical",
      "organized"
    ],
    "year": "first_year",
    "branch": "Physics",
    "location": "Ahmedabad",
    "languages_known": [
      "Marathi"
    ]
  },
  {
    "student_id": "stu_1049",
    "goal": "Clear UPSC prelims",
    "preferred_study_time": "afternoon",
    "study_type": "group_study",
    "personality": [
      "curious",
      "goal_oriented"
    ],
    "year": "graduate",
    "branch": "Physics",
    "location": "Delhi",
    "languages_known": [
      "English",
      "Marathi"
    ]
  },
  {
    "student_id": "stu_1050",
    "goal": "Publish research paper",
    "preferred_study_time": "early_morning",
    "study_type": "reading",
    "personality": [
      "analytical",
      "organized"
    ],
    "year": "final_year",
    "branch": "Physics",
    "location": "Pune",
    "languages_known": [
      "Kannada",
      "Tamil"
    ]
  },
  {
    "student_id": "stu_1051",
    "goal": "Learn advanced machine learning",
    "preferred_study_time": "weekends_only",
    "study_type": "discussion_based",
    "personality": [
      "detail_oriented",
      "adaptive",
      "supportive"
    ],
    "year": "second_year",
    "branch": "Biotech",
    "location": "Pune",
    "languages_known": [
      "Gujarati",
      "Tamil",
      "Telugu"
    ]
  },
  {
    "student_id": "stu_1052",
    "goal": "Crack GATE 2025",
    "preferred_study_time": "evening",
    "study_type": "project_based",
    "personality": [
      "creative",
      "persistent",
      "competitive"
    ],
    "year": "third_year",
    "branch": "Mathematics",
    "location": "Lucknow",
    "languages_known": [
      "Telugu"
    ]
  },
  {
    "student_id": "stu_1053",
    "goal": "Lead a student club",
    "preferred_study_time": "weekends_only",
    "study_type": "project_based",
    "personality": [
      "organized",
      "introvert",
      "creative"
    ],
    "year": "final_year",
    "branch": "Civil",
    "location": "Delhi",
    "languages_known": [
      "Marathi",
      "Telugu",
      "Hindi"
    ]
  },
  {
    "student_id": "stu_1054",
    "goal": "Contribute to open source",
    "preferred_study_time": "afternoon",
    "study_type": "reading",
    "personality": [
      "introvert",
      "adaptive",
      "detail_oriented",
      "goal_oriented"
    ],
    "year": "second_year",
    "branch": "Mathematics",
    "location": "Pune",
    "languages_known": [
      "Hindi",
      "Gujarati"
    ]
  },
  {
    "student_id": "stu_1055",
    "goal": "Qualify for PhD program",
    "preferred_study_time": "late_night",
    "study_type": "project_based",
    "personality": [
      "leader",
      "curious",
      "creative",
      "collaborative"
    ],
    "year": "second_year",
    "branch": "Electronics",
    "location": "Lucknow",
    "languages_known": [
      "Marathi",
      "Bengali",
      "Hindi"
    ]
  },
  {
    "student_id": "stu_1056",
    "goal": "Get into IIM Ahmedabad",
    "preferred_study_time": "early_morning",
    "study_type": "self_paced",
    "personality": [
      "creative",
      "curious"
    ],
    "year": "graduate",
    "branch": "Physics",
    "location": "Mumbai",
    "languages_known": [
      "Tamil",
      "Gujarati",
      "Kannada"
    ]
  },
  {
    "student_id": "stu_1057",
    "goal": "Intern at a top MNC",
    "preferred_study_time": "mid_morning",
    "study_type": "project_based",
    "personality": [
      "persistent",
      "goal_oriented",
      "leader",
      "introvert"
    ],
    "year": "second_year",
    "branch": "Biotech",
    "location": "Delhi",
    "languages_known": [
      "Tamil",
      "Kannada"
    ]
  },
  {
    "student_id": "stu_1058",
    "goal": "Get into IIM Ahmedabad",
    "preferred_study_time": "afternoon",
    "study_type": "visual",
    "personality": [
      "goal_oriented",
      "detail_oriented"
    ],
    "year": "final_year",
    "branch": "Computer Science",
    "location": "Delhi",
    "languages_known": [
      "Telugu",
      "English"
    ]
  },
  {
    "student_id": "stu_1059",
    "goal": "Top IIT for MTech",
    "preferred_study_time": "evening",
    "study_type": "kinesthetic",
    "personality": [
      "persistent",
      "competitive",
      "goal_oriented"
    ],
    "year": "second_year",
    "branch": "Physics",
    "location": "Kolkata",
    "languages_known": [
      "Kannada",
      "Bengali",
      "Hindi"
    ]
  },
  {
    "student_id": "stu_1060",
    "goal": "Improve English communication skills",
    "preferred_study_time": "early_morning",
    "study_type": "self_paced",
    "personality": [
      "persistent",
      "introvert"
    ],
    "year": "second_year",
    "branch": "Civil",
    "location": "Bangalore",
    "languages_known": [
      "Marathi",
      "Bengali"
    ]
  },
  {
    "student_id": "stu_1061",
    "goal": "Build a tech startup",
    "preferred_study_time": "after_lunch",
    "study_type": "auditory",
    "personality": [
      "goal_oriented",
      "detail_oriented",
      "adaptive"
    ],
    "year": "final_year",
    "branch": "Physics",
    "location": "Mumbai",
    "languages_known": [
      "Tamil",
      "Hindi"
    ]
  },
  {
    "student_id": "stu_1062",
    "goal": "Master data structures and algorithms",
    "preferred_study_time": "early_morning",
    "study_type": "reading",
    "personality": [
      "supportive",
      "introvert",
      "focused",
      "competitive"
    ],
    "year": "graduate",
    "branch": "Mechanical",
    "location": "Chennai",
    "languages_known": [
      "Bengali",
      "English",
      "Kannada"
    ]
  },
  {
    "student_id": "stu_1063",
    "goal": "Improve English communication skills",
    "preferred_study_time": "after_lunch",
    "study_type": "kinesthetic",
    "personality": [
      "empathetic",
      "goal_oriented",
      "supportive",
      "adaptive"
    ],
    "year": "third_year",
    "branch": "Computer Science",
    "location": "Delhi",
    "languages_known": [
      "Telugu",
      "Bengali"
    ]
  },
  {
    "student_id": "stu_1064",
    "goal": "Score above 320 in GRE",
    "preferred_study_time": "late_night",
    "study_type": "project_based",
    "personality": [
      "analytical",
      "adaptive",
      "focused"
    ],
    "year": "final_year",
    "branch": "Civil",
    "location": "Jaipur",
    "languages_known": [
      "Bengali",
      "English",
      "Hindi"
    ]
  },
  {
    "student_id": "stu_1065",
    "goal": "Improve English communication skills",
    "preferred_study_time": "mid_morning",
    "study_type": "group_study",
    "personality": [
      "competitive",
      "persistent",
      "supportive",
      "goal_oriented"
    ],
    "year": "third_year",
    "branch": "Computer Science",
    "location": "Kolkata",
    "languages_known": [
      "English",
      "Tamil",
      "Bengali"
    ]
  },
  {
    "student_id": "stu_1066",
    "goal": "Improve English communication skills",
    "preferred_study_time": "flexible",
    "study_type": "discussion_based",
    "personality": [
      "focused",
      "introvert",
      "curious"
    ],
    "year": "third_year",
    "branch": "Civil",
    "location": "Kolkata",
    "languages_known": [
      "Kannada",
      "Tamil"
    ]
  },
  {
    "student_id": "stu_1067",
    "goal": "Improve English communication skills",
    "preferred_study_time": "early_morning",
    "study_type": "discussion_based",
    "personality": [
      "introvert",
      "supportive",
      "creative"
    ],
    "year": "first_year",
    "branch": "Mechanical",
    "location": "Hyderabad",
    "languages_known": [
      "Marathi",
      "Kannada"
    ]
  },
  {
    "student_id": "stu_1068",
    "goal": "Lead a student club",
    "preferred_study_time": "afternoon",
    "study_type": "discussion_based",
    "personality": [
      "adaptive",
      "introvert"
    ],
    "year": "second_year",
    "branch": "Computer Science",
    "location": "Delhi",
    "languages_known": [
      "English",
      "Hindi"
    ]
  },
  {
    "student_id": "stu_1069",
    "goal": "Lead a student club",
    "preferred_study_time": "late_night",
    "study_type": "kinesthetic",
    "personality": [
      "collaborative",
      "adaptive"
    ],
    "year": "graduate",
    "branch": "Civil",
    "location": "Bangalore",
    "languages_known": [
      "Kannada",
      "Telugu",
      "Tamil"
    ]
  },
  {
    "student_id": "stu_1070",
    "goal": "Develop a mobile app",
    "preferred_study_time": "afternoon",
    "study_type": "self_paced",
    "personality": [
      "organized",
      "detail_oriented",
      "creative"
    ],
    "year": "first_year",
    "branch": "Biotech",
    "location": "Chennai",
    "languages_known": [
      "Bengali"
    ]
  },
  {
    "student_id": "stu_1071",
    "goal": "Improve English communication skills",
    "preferred_study_time": "weekends_only",
    "study_type": "visual",
    "personality": [
      "extrovert",
      "collaborative",
      "creative"
    ],
    "year": "graduate",
    "branch": "Electronics",
    "location": "Delhi",
    "languages_known": [
      "Telugu"
    ]
  },
  {
    "student_id": "stu_1072",
    "goal": "Score above 320 in GRE",
    "preferred_study_time": "late_night",
    "study_type": "project_based",
    "personality": [
      "persistent",
      "analytical",
      "introvert"
    ],
    "year": "final_year",
    "branch": "Biotech",
    "location": "Delhi",
    "languages_known": [
      "Kannada"
    ]
  },
  {
    "student_id": "stu_1073",
    "goal": "Qualify for PhD program",
    "preferred_study_time": "before_bed",
    "study_type": "self_paced",
    "personality": [
      "persistent",
      "adaptive",
      "focused",
      "introvert"
    ],
    "year": "final_year",
    "branch": "Computer Science",
    "location": "Ahmedabad",
    "languages_known": [
      "Telugu",
      "Bengali",
      "Hindi"
    ]
  },
  {
    "student_id": "stu_1074",
    "goal": "Develop a mobile app",
    "preferred_study_time": "before_bed",
    "study_type": "visual",
    "personality": [
      "collaborative",
      "introvert",
      "leader",
      "empathetic"
    ],
    "year": "first_year",
    "branch": "Civil",
    "location": "Lucknow",
    "languages_known": [
      "Marathi"
    ]
  },
  {
    "student_id": "stu_1075",
    "goal": "Publish research paper",
    "preferred_study_time": "weekends_only",
    "study_type": "group_study",
    "personality": [
      "competitive",
      "collaborative"
    ],
    "year": "first_year",
    "branch": "Mathematics",
    "location": "Hyderabad",
    "languages_known": [
      "Tamil",
      "Gujarati",
      "Kannada"
    ]
  },
  {
    "student_id": "stu_1076",
    "goal": "Contribute to open source",
    "preferred_study_time": "early_morning",
    "study_type": "visual",
    "personality": [
      "adaptive",
      "analytical",
      "goal_oriented",
      "extrovert"
    ],
    "year": "final_year",
    "branch": "Computer Science",
    "location": "Bangalore",
    "languages_known": [
      "Hindi",
      "Telugu",
      "Bengali"
    ]
  },
  {
    "student_id": "stu_1077",
    "goal": "Win inter-college quiz",
    "preferred_study_time": "flexible",
    "study_type": "visual",
    "personality": [
      "supportive",
      "goal_oriented"
    ],
    "year": "third_year",
    "branch": "Mathematics",
    "location": "Mumbai",
    "languages_known": [
      "Bengali"
    ]
  },
  {
    "student_id": "stu_1078",
    "goal": "Build a tech startup",
    "preferred_study_time": "flexible",
    "study_type": "kinesthetic",
    "personality": [
      "extrovert",
      "curious"
    ],
    "year": "first_year",
    "branch": "Computer Science",
    "location": "Kolkata",
    "languages_known": [
      "Marathi",
      "Hindi"
    ]
  },
  {
    "student_id": "stu_1079",
    "goal": "Clear UPSC prelims",
    "preferred_study_time": "evening",
    "study_type": "discussion_based",
    "personality": [
      "focused",
      "leader",
      "supportive"
    ],
    "year": "final_year",
    "branch": "Computer Science",
    "location": "Delhi",
    "languages_known": [
      "Bengali",
      "English"
    ]
  },
  {
    "student_id": "stu_1080",
    "goal": "Master data structures and algorithms",
    "preferred_study_time": "evening",
    "study_type": "project_based",
    "personality": [
      "creative",
      "empathetic",
      "focused"
    ],
    "year": "second_year",
    "branch": "Mechanical",
    "location": "Jaipur",
    "languages_known": [
      "Bengali",
      "Hindi"
    ]
  },
  {
    "student_id": "stu_1081",
    "goal": "Intern at a top MNC",
    "preferred_study_time": "flexible",
    "study_type": "discussion_based",
    "personality": [
      "introvert",
      "organized",
      "detail_oriented",
      "curious"
    ],
    "year": "second_year",
    "branch": "Mechanical",
    "location": "Hyderabad",
    "languages_known": [
      "Hindi"
    ]
  },
  {
    "student_id": "stu_1082",
    "goal": "Intern at a top MNC",
    "preferred_study_time": "evening",
    "study_type": "group_study",
    "personality": [
      "introvert",
      "creative"
    ],
    "year": "first_year",
    "branch": "Civil",
    "location": "Kolkata",
    "languages_known": [
      "Kannada",
      "Bengali"
    ]
  },
  {
    "student_id": "stu_1083",
    "goal": "Lead a student club",
    "preferred_study_time": "early_morning",
    "study_type": "reading",
    "personality": [
      "creative",
      "detail_oriented",
      "goal_oriented"
    ],
    "year": "second_year",
    "branch": "Mathematics",
    "location": "Mumbai",
    "languages_known": [
      "English",
      "Bengali",
      "Tamil"
    ]
  },
  {
    "student_id": "stu_1084",
    "goal": "Publish research paper",
    "preferred_study_time": "afternoon",
    "study_type": "project_based",
    "personality": [
      "detail_oriented",
      "leader",
      "extrovert"
    ],
    "year": "third_year",
    "branch": "Computer Science",
    "location": "Ahmedabad",
    "languages_known": [
      "Marathi",
      "Telugu",
      "Bengali"
    ]
  },
  {
    "student_id": "stu_1085",
    "goal": "Lead a student club",
    "preferred_study_time": "mid_morning",
    "study_type": "auditory",
    "personality": [
      "focused",
      "creative"
    ],
    "year": "final_year",
    "branch": "Biotech",
    "location": "Jaipur",
    "languages_known": [
      "Hindi",
      "Gujarati",
      "Telugu"
    ]
  },
  {
    "student_id": "stu_1086",
    "goal": "Master data structures and algorithms",
    "preferred_study_time": "evening",
    "study_type": "kinesthetic",
    "personality": [
      "adaptive",
      "empathetic",
      "creative",
      "introvert"
    ],
    "year": "first_year",
    "branch": "Biotech",
    "location": "Chennai",
    "languages_known": [
      "Telugu",
      "Bengali",
      "Hindi"
    ]
  },
  {
    "student_id": "stu_1087",
    "goal": "Secure campus placement",
    "preferred_study_time": "mid_morning",
    "study_type": "project_based",
    "personality": [
      "focused",
      "extrovert",
      "analytical",
      "adaptive"
    ],
    "year": "final_year",
    "branch": "Computer Science",
    "location": "Delhi",
    "languages_known": [
      "Hindi",
      "Bengali",
      "Marathi"
    ]
  },
  {
    "student_id": "stu_1088",
    "goal": "Complete a MOOC specialization",
    "preferred_study_time": "weekends_only",
    "study_type": "reading",
    "personality": [
      "competitive",
      "empathetic",
      "extrovert"
    ],
    "year": "third_year",
    "branch": "Civil",
    "location": "Kolkata",
    "languages_known": [
      "Marathi"
    ]
  },
  {
    "student_id": "stu_1089",
    "goal": "Master data structures and algorithms",
    "preferred_study_time": "early_morning",
    "study_type": "discussion_based",
    "personality": [
      "persistent",
      "leader"
    ],
    "year": "final_year",
    "branch": "Civil",
    "location": "Kolkata",
    "languages_known": [
      "Telugu",
      "Hindi",
      "Kannada"
    ]
  },
  {
    "student_id": "stu_1090",
    "goal": "Crack GATE 2025",
    "preferred_study_time": "early_morning",
    "study_type": "reading",
    "personality": [
      "empathetic",
      "goal_oriented",
      "adaptive",
      "supportive"
    ],
    "year": "third_year",
    "branch": "Civil",
    "location": "Chennai",
    "languages_known": [
      "Tamil",
      "English",
      "Kannada"
    ]
  },
  {
    "student_id": "stu_1091",
    "goal": "Score 99 percentile in CAT",
    "preferred_study_time": "after_lunch",
    "study_type": "reading",
    "personality": [
      "adaptive",
      "persistent"
    ],
    "year": "final_year",
    "branch": "Physics",
    "location": "Hyderabad",
    "languages_known": [
      "Bengali",
      "Marathi",
      "Telugu"
    ]
  },
  {
    "student_id": "stu_1092",
    "goal": "Build a tech startup",
    "preferred_study_time": "evening",
    "study_type": "project_based",
    "personality": [
      "collaborative",
      "focused",
      "supportive"
    ],
    "year": "graduate",
    "branch": "Computer Science",
    "location": "Mumbai",
    "languages_known": [
      "Tamil",
      "Kannada"
    ]
  },
  {
    "student_id": "stu_1093",
    "goal": "Learn advanced machine learning",
    "preferred_study_time": "evening",
    "study_type": "visual",
    "personality": [
      "persistent",
      "leader",
      "competitive",
      "analytical"
    ],
    "year": "first_year",
    "branch": "Mathematics",
    "location": "Chennai",
    "languages_known": [
      "Marathi",
      "Tamil",
      "English"
    ]
  },
  {
    "student_id": "stu_1094",
    "goal": "Win inter-college quiz",
    "preferred_study_time": "evening",
    "study_type": "project_based",
    "personality": [
      "leader",
      "organized",
      "goal_oriented",
      "focused"
    ],
    "year": "second_year",
    "branch": "Civil",
    "location": "Jaipur",
    "languages_known": [
      "Kannada",
      "Marathi"
    ]
  },
  {
    "student_id": "stu_1095",
    "goal": "Score 99 percentile in CAT",
    "preferred_study_time": "weekends_only",
    "study_type": "auditory",
    "personality": [
      "curious",
      "persistent"
    ],
    "year": "second_year",
    "branch": "Mathematics",
    "location": "Mumbai",
    "languages_known": [
      "Hindi",
      "Bengali"
    ]
  },
  {
    "student_id": "stu_1096",
    "goal": "Secure campus placement",
    "preferred_study_time": "flexible",
    "study_type": "kinesthetic",
    "personality": [
      "creative",
      "detail_oriented",
      "analytical"
    ],
    "year": "final_year",
    "branch": "Civil",
    "location": "Kolkata",
    "languages_known": [
      "Bengali"
    ]
  },
  {
    "student_id": "stu_1097",
    "goal": "Qualify for PhD program",
    "preferred_study_time": "weekends_only",
    "study_type": "group_study",
    "personality": [
      "adaptive",
      "detail_oriented"
    ],
    "year": "second_year",
    "branch": "Biotech",
    "location": "Lucknow",
    "languages_known": [
      "English",
      "Bengali"
    ]
  },
  {
    "student_id": "stu_1098",
    "goal": "Top IIT for MTech",
    "preferred_study_time": "early_morning",
    "study_type": "reading",
    "personality": [
      "leader",
      "persistent"
    ],
    "year": "first_year",
    "branch": "Electronics",
    "location": "Pune",
    "languages_known": [
      "English"
    ]
  },
  {
    "student_id": "stu_1099",
    "goal": "Complete a MOOC specialization",
    "preferred_study_time": "weekends_only",
    "study_type": "reading",
    "personality": [
      "goal_oriented",
      "focused",
      "competitive"
    ],
    "year": "second_year",
    "branch": "Mechanical",
    "location": "Ahmedabad",
    "languages_known": [
      "English",
      "Bengali",
      "Kannada"
    ]
  },
  {
    "student_id": "stu_1100",
    "goal": "Master data structures and algorithms",
    "preferred_study_time": "early_morning",
    "study_type": "group_study",
    "personality": [
      "leader",
      "goal_oriented",
      "empathetic"
    ],
    "year": "final_year",
    "branch": "Computer Science",
    "location": "Bangalore",
    "languages_known": [
      "Gujarati",
      "English"
    ]
  },
  {
    "student_id": "stu_1056",
    "goal": "Complete a MOOC specialization",
    "preferred_study_time": "mid_morning",
    "study_type": "visual",
    "personality": [
      "collaborative",
      "creative",
      "focused"
    ],
    "year": "second_year",
    "branch": "Computer Science",
    "location": "Lucknow",
    "languages_known": [
      "Telugu"
    ]
  },
  {
    "student_id": "stu_1057",
    "goal": "Learn advanced machine learning",
    "preferred_study_time": "weekends_only",
    "study_type": "visual",
    "personality": [
      "organized",
      "introvert"
    ],
    "year": "graduate",
    "branch": "Mechanical",
    "location": "Ahmedabad",
    "languages_known": [
      "Bengali",
      "Gujarati",
      "Telugu"
    ]
  },
  {
    "student_id": "stu_1058",
    "goal": "Develop a mobile app",
    "preferred_study_time": "after_lunch",
    "study_type": "group_study",
    "personality": [
      "leader",
      "collaborative",
      "introvert",
      "goal_oriented"
    ],
    "year": "second_year",
    "branch": "Civil",
    "location": "Bangalore",
    "languages_known": [
      "Kannada"
    ]
  },
  {
    "student_id": "stu_1059",
    "goal": "Complete a MOOC specialization",
    "preferred_study_time": "after_lunch",
    "study_type": "project_based",
    "personality": [
      "curious",
      "leader",
      "persistent",
      "analytical"
    ],
    "year": "final_year",
    "branch": "Mathematics",
    "location": "Bangalore",
    "languages_known": [
      "Gujarati",
      "Hindi"
    ]
  },
  {
    "student_id": "stu_1060",
    "goal": "Complete a MOOC specialization",
    "preferred_study_time": "evening",
    "study_type": "auditory",
    "personality": [
      "persistent",
      "supportive"
    ],
    "year": "final_year",
    "branch": "Mathematics",
    "location": "Jaipur",
    "languages_known": [
      "Gujarati"
    ]
  },
  {
    "student_id": "stu_1061",
    "goal": "Build a tech startup",
    "preferred_study_time": "after_lunch",
    "study_type": "auditory",
    "personality": [
      "extrovert",
      "curious",
      "persistent",
      "adaptive"
    ],
    "year": "third_year",
    "branch": "Physics",
    "location": "Jaipur",
    "languages_known": [
      "Bengali",
      "Tamil",
      "Gujarati"
    ]
  },
  {
    "student_id": "stu_1062",
    "goal": "Secure campus placement",
    "preferred_study_time": "mid_morning",
    "study_type": "auditory",
    "personality": [
      "detail_oriented",
      "goal_oriented"
    ],
    "year": "graduate",
    "branch": "Computer Science",
    "location": "Ahmedabad",
    "languages_known": [
      "Kannada",
      "Telugu",
      "English"
    ]
  },
  {
    "student_id": "stu_1063",
    "goal": "Score 99 percentile in CAT",
    "preferred_study_time": "flexible",
    "study_type": "auditory",
    "personality": [
      "extrovert",
      "organized",
      "persistent"
    ],
    "year": "first_year",
    "branch": "Biotech",
    "location": "Chennai",
    "languages_known": [
      "Gujarati",
      "Kannada",
      "Tamil"
    ]
  },
  {
    "student_id": "stu_1064",
    "goal": "Secure campus placement",
    "preferred_study_time": "weekends_only",
    "study_type": "self_paced",
    "personality": [
      "analytical",
      "collaborative"
    ],
    "year": "graduate",
    "branch": "Mechanical",
    "location": "Kolkata",
    "languages_known": [
      "Hindi"
    ]
  },
  {
    "student_id": "stu_1065",
    "goal": "Master data structures and algorithms",
    "preferred_study_time": "early_morning",
    "study_type": "self_paced",
    "personality": [
      "introvert",
      "adaptive",
      "extrovert"
    ],
    "year": "third_year",
    "branch": "Mechanical",
    "location": "Delhi",
    "languages_known": [
      "Hindi",
      "Marathi",
      "Gujarati"
    ]
  },
  {
    "student_id": "stu_1066",
    "goal": "Score 99 percentile in CAT",
    "preferred_study_time": "late_night",
    "study_type": "kinesthetic",
    "personality": [
      "leader",
      "adaptive",
      "supportive",
      "empathetic"
    ],
    "year": "graduate",
    "branch": "Mechanical",
    "location": "Pune",
    "languages_known": [
      "Gujarati",
      "Hindi",
      "English"
    ]
  },
  {
    "student_id": "stu_1067",
    "goal": "Qualify for PhD program",
    "preferred_study_time": "late_night",
    "study_type": "kinesthetic",
    "personality": [
      "goal_oriented",
      "collaborative",
      "supportive"
    ],
    "year": "second_year",
    "branch": "Electronics",
    "location": "Pune",
    "languages_known": [
      "Hindi",
      "Gujarati"
    ]
  },
  {
    "student_id": "stu_1068",
    "goal": "Crack GATE 2025",
    "preferred_study_time": "late_night",
    "study_type": "discussion_based",
    "personality": [
      "collaborative",
      "creative",
      "goal_oriented",
      "analytical"
    ],
    "year": "third_year",
    "branch": "Biotech",
    "location": "Pune",
    "languages_known": [
      "Hindi",
      "English"
    ]
  },
  {
    "student_id": "stu_1069",
    "goal": "Develop a mobile app",
    "preferred_study_time": "afternoon",
    "study_type": "kinesthetic",
    "personality": [
      "goal_oriented",
      "extrovert",
      "leader"
    ],
    "year": "first_year",
    "branch": "Electronics",
    "location": "Kolkata",
    "languages_known": [
      "English",
      "Bengali"
    ]
  },
  {
    "student_id": "stu_1070",
    "goal": "Top IIT for MTech",
    "preferred_study_time": "early_morning",
    "study_type": "visual",
    "personality": [
      "organized",
      "focused",
      "analytical",
      "supportive"
    ],
    "year": "first_year",
    "branch": "Physics",
    "location": "Chennai",
    "languages_known": [
      "Telugu",
      "Hindi",
      "Kannada"
    ]
  },
  {
    "student_id": "stu_1071",
    "goal": "Improve English communication skills",
    "preferred_study_time": "afternoon",
    "study_type": "self_paced",
    "personality": [
      "persistent",
      "competitive"
    ],
    "year": "graduate",
    "branch": "Electronics",
    "location": "Bangalore",
    "languages_known": [
      "Telugu",
      "Marathi"
    ]
  },
  {
    "student_id": "stu_1072",
    "goal": "Win inter-college quiz",
    "preferred_study_time": "late_night",
    "study_type": "kinesthetic",
    "personality": [
      "empathetic",
      "organized"
    ],
    "year": "graduate",
    "branch": "Electronics",
    "location": "Kolkata",
    "languages_known": [
      "Gujarati",
      "Telugu"
    ]
  },
  {
    "student_id": "stu_1073",
    "goal": "Learn advanced machine learning",
    "preferred_study_time": "weekends_only",
    "study_type": "group_study",
    "personality": [
      "curious",
      "creative"
    ],
    "year": "final_year",
    "branch": "Civil",
    "location": "Chennai",
    "languages_known": [
      "Kannada"
    ]
  },
  {
    "student_id": "stu_1074",
    "goal": "Improve English communication skills",
    "preferred_study_time": "mid_morning",
    "study_type": "project_based",
    "personality": [
      "supportive",
      "analytical",
      "creative",
      "adaptive"
    ],
    "year": "graduate",
    "branch": "Computer Science",
    "location": "Jaipur",
    "languages_known": [
      "Hindi",
      "Tamil"
    ]
  },
  {
    "student_id": "stu_1075",
    "goal": "Top IIT for MTech",
    "preferred_study_time": "flexible",
    "study_type": "kinesthetic",
    "personality": [
      "leader",
      "organized",
      "goal_oriented",
      "detail_oriented"
    ],
    "year": "final_year",
    "branch": "Civil",
    "location": "Ahmedabad",
    "languages_known": [
      "Gujarati",
      "Tamil"
    ]
  },
  {
    "student_id": "stu_1076",
    "goal": "Intern at a top MNC",
    "preferred_study_time": "mid_morning",
    "study_type": "self_paced",
    "personality": [
      "leader",
      "supportive",
      "goal_oriented",
      "organized"
    ],
    "year": "final_year",
    "branch": "Biotech",
    "location": "Kolkata",
    "languages_known": [
      "Gujarati",
      "English"
    ]
  },
  {
    "student_id": "stu_1077",
    "goal": "Get into IIM Ahmedabad",
    "preferred_study_time": "mid_morning",
    "study_type": "kinesthetic",
    "personality": [
      "analytical",
      "persistent",
      "leader",
      "collaborative"
    ],
    "year": "final_year",
    "branch": "Physics",
    "location": "Lucknow",
    "languages_known": [
      "Telugu",
      "Kannada"
    ]
  },
  {
    "student_id": "stu_1078",
    "goal": "Publish research paper",
    "preferred_study_time": "weekends_only",
    "study_type": "visual",
    "personality": [
      "empathetic",
      "creative",
      "focused",
      "competitive"
    ],
    "year": "final_year",
    "branch": "Physics",
    "location": "Chennai",
    "languages_known": [
      "Gujarati",
      "Hindi"
    ]
  },
  {
    "student_id": "stu_1079",
    "goal": "Contribute to open source",
    "preferred_study_time": "after_lunch",
    "study_type": "kinesthetic",
    "personality": [
      "organized",
      "adaptive"
    ],
    "year": "third_year",
    "branch": "Biotech",
    "location": "Pune",
    "languages_known": [
      "Gujarati"
    ]
  },
  {
    "student_id": "stu_1080",
    "goal": "Score above 320 in GRE",
    "preferred_study_time": "late_night",
    "study_type": "project_based",
    "personality": [
      "supportive",
      "introvert"
    ],
    "year": "graduate",
    "branch": "Mathematics",
    "location": "Kolkata",
    "languages_known": [
      "Hindi",
      "Tamil",
      "Gujarati"
    ]
  },
  {
    "student_id": "stu_1081",
    "goal": "Clear UPSC prelims",
    "preferred_study_time": "flexible",
    "study_type": "auditory",
    "personality": [
      "organized",
      "persistent"
    ],
    "year": "first_year",
    "branch": "Mathematics",
    "location": "Kolkata",
    "languages_known": [
      "Kannada"
    ]
  },
  {
    "student_id": "stu_1082",
    "goal": "Intern at a top MNC",
    "preferred_study_time": "late_night",
    "study_type": "kinesthetic",
    "personality": [
      "organized",
      "supportive",
      "competitive"
    ],
    "year": "first_year",
    "branch": "Physics",
    "location": "Jaipur",
    "languages_known": [
      "Hindi"
    ]
  },
  {
    "student_id": "stu_1083",
    "goal": "Crack GATE 2025",
    "preferred_study_time": "after_lunch",
    "study_type": "visual",
    "personality": [
      "adaptive",
      "organized",
      "analytical",
      "curious"
    ],
    "year": "final_year",
    "branch": "Mathematics",
    "location": "Jaipur",
    "languages_known": [
      "Bengali"
    ]
  },
  {
    "student_id": "stu_1084",
    "goal": "Publish research paper",
    "preferred_study_time": "afternoon",
    "study_type": "kinesthetic",
    "personality": [
      "persistent",
      "curious",
      "analytical"
    ],
    "year": "second_year",
    "branch": "Civil",
    "location": "Hyderabad",
    "languages_known": [
      "Tamil",
      "Kannada",
      "Gujarati"
    ]
  },
  {
    "student_id": "stu_1085",
    "goal": "Contribute to open source",
    "preferred_study_time": "flexible",
    "study_type": "reading",
    "personality": [
      "detail_oriented",
      "collaborative",
      "supportive",
      "adaptive"
    ],
    "year": "first_year",
    "branch": "Biotech",
    "location": "Ahmedabad",
    "languages_known": [
      "Tamil",
      "Kannada",
      "Hindi"
    ]
  },
  {
    "student_id": "stu_1086",
    "goal": "Top IIT for MTech",
    "preferred_study_time": "flexible",
    "study_type": "project_based",
    "personality": [
      "adaptive",
      "curious",
      "goal_oriented",
      "organized"
    ],
    "year": "final_year",
    "branch": "Biotech",
    "location": "Pune",
    "languages_known": [
      "Bengali"
    ]
  },
  {
    "student_id": "stu_1087",
    "goal": "Master data structures and algorithms",
    "preferred_study_time": "late_night",
    "study_type": "reading",
    "personality": [
      "focused",
      "extrovert"
    ],
    "year": "first_year",
    "branch": "Electronics",
    "location": "Kolkata",
    "languages_known": [
      "Telugu",
      "Hindi"
    ]
  },
  {
    "student_id": "stu_1088",
    "goal": "Lead a student club",
    "preferred_study_time": "weekends_only",
    "study_type": "self_paced",
    "personality": [
      "focused",
      "adaptive",
      "persistent",
      "goal_oriented"
    ],
    "year": "graduate",
    "branch": "Mechanical",
    "location": "Mumbai",
    "languages_known": [
      "Kannada",
      "English"
    ]
  },
  {
    "student_id": "stu_1089",
    "goal": "Top IIT for MTech",
    "preferred_study_time": "late_night",
    "study_type": "kinesthetic",
    "personality": [
      "empathetic",
      "extrovert",
      "curious"
    ],
    "year": "second_year",
    "branch": "Mathematics",
    "location": "Ahmedabad",
    "languages_known": [
      "Telugu"
    ]
  },
  {
    "student_id": "stu_1090",
    "goal": "Build a tech startup",
    "preferred_study_time": "mid_morning",
    "study_type": "group_study",
    "personality": [
      "empathetic",
      "persistent"
    ],
    "year": "third_year",
    "branch": "Electronics",
    "location": "Hyderabad",
    "languages_known": [
      "Bengali",
      "Kannada"
    ]
  },
  {
    "student_id": "stu_1091",
    "goal": "Master data structures and algorithms",
    "preferred_study_time": "mid_morning",
    "study_type": "visual",
    "personality": [
      "competitive",
      "leader"
    ],
    "year": "first_year",
    "branch": "Mechanical",
    "location": "Lucknow",
    "languages_known": [
      "Bengali",
      "Marathi",
      "Gujarati"
    ]
  },
  {
    "student_id": "stu_1092",
    "goal": "Publish research paper",
    "preferred_study_time": "evening",
    "study_type": "discussion_based",
    "personality": [
      "organized",
      "focused",
      "collaborative"
    ],
    "year": "third_year",
    "branch": "Computer Science",
    "location": "Ahmedabad",
    "languages_known": [
      "Tamil",
      "Telugu",
      "Gujarati"
    ]
  },
  {
    "student_id": "stu_1093",
    "goal": "Clear UPSC prelims",
    "preferred_study_time": "flexible",
    "study_type": "discussion_based",
    "personality": [
      "leader",
      "goal_oriented",
      "introvert",
      "competitive"
    ],
    "year": "graduate",
    "branch": "Civil",
    "location": "Lucknow",
    "languages_known": [
      "Kannada",
      "Hindi",
      "English"
    ]
  },
  {
    "student_id": "stu_1094",
    "goal": "Crack GATE 2025",
    "preferred_study_time": "afternoon",
    "study_type": "auditory",
    "personality": [
      "curious",
      "organized"
    ],
    "year": "second_year",
    "branch": "Electronics",
    "location": "Ahmedabad",
    "languages_known": [
      "Kannada",
      "Telugu",
      "Bengali"
    ]
  },
  {
    "student_id": "stu_1095",
    "goal": "Score above 320 in GRE",
    "preferred_study_time": "flexible",
    "study_type": "project_based",
    "personality": [
      "analytical",
      "creative",
      "extrovert",
      "detail_oriented"
    ],
    "year": "first_year",
    "branch": "Biotech",
    "location": "Ahmedabad",
    "languages_known": [
      "Marathi",
      "Tamil",
      "Bengali"
    ]
  },
  {
    "student_id": "stu_1096",
    "goal": "Improve English communication skills",
    "preferred_study_time": "late_night",
    "study_type": "group_study",
    "personality": [
      "introvert",
      "focused",
      "organized",
      "detail_oriented"
    ],
    "year": "second_year",
    "branch": "Computer Science",
    "location": "Hyderabad",
    "languages_known": [
      "Kannada"
    ]
  },
  {
    "student_id": "stu_1097",
    "goal": "Secure campus placement",
    "preferred_study_time": "afternoon",
    "study_type": "group_study",
    "personality": [
      "empathetic",
      "leader",
      "introvert",
      "creative"
    ],
    "year": "third_year",
    "branch": "Physics",
    "location": "Bangalore",
    "languages_known": [
      "Kannada",
      "Telugu"
    ]
  },
  {
    "student_id": "stu_1098",
    "goal": "Publish research paper",
    "preferred_study_time": "flexible",
    "study_type": "discussion_based",
    "personality": [
      "empathetic",
      "goal_oriented",
      "collaborative",
      "creative"
    ],
    "year": "second_year",
    "branch": "Civil",
    "location": "Mumbai",
    "languages_known": [
      "English"
    ]
  },
  {
    "student_id": "stu_1099",
    "goal": "Get into IIM Ahmedabad",
    "preferred_study_time": "after_lunch",
    "study_type": "discussion_based",
    "personality": [
      "analytical",
      "leader",
      "organized",
      "extrovert"
    ],
    "year": "graduate",
    "branch": "Mechanical",
    "location": "Ahmedabad",
    "languages_known": [
      "Bengali",
      "Telugu"
    ]
  },
  {
    "student_id": "stu_1100",
    "goal": "Crack GATE 2025",
    "preferred_study_time": "flexible",
    "study_type": "self_paced",
    "personality": [
      "introvert",
      "curious"
    ],
    "year": "first_year",
    "branch": "Mechanical",
    "location": "Mumbai",
    "languages_known": [
      "Gujarati",
      "English",
      "Bengali"
    ]
  }
]